[
    {
        "headerName": "",
        "children": [
            {
                "headerName": "ClientName",
                "field": "ClientName",
                "width": 150
            },
            {
                "headerName": "Total",
                "field": "Total",
                "width": 90
            }
        ]
    },
    {
        "headerName": "Municipal",
        "children": [
            {
                "headerName": "TotalMunicipal",
                "field": "TotalMunicipal",
                "width": 125
            },
            {
                "headerName": "IG",
                "columnGroupShow": "open",
                "children": [
                    {
                        "headerName": "Total",
                        "field": "Total_IG",
                        "width": 125,
                        "children": [
                            {
                                "headerName": "Total",
                                "field": "Total_IG",
                                "width": 150
                            }
                        ]
                    },
                    {
                        "headerName": "YOY",
                        "field": "YOY_IG",
                        "width": 125
                    },
                    {
                        "headerName": "F 2019 CV",
                        "field": "Y_CURR_IG",
                        "width": 125
                    }
                ]
            },
            {
                "headerName": "ABS",
                "columnGroupShow": "open",
                "children": [
                    {
                        "headerName": "Total",
                        "field": "Total_ABS",
                        "width": 125
                    },
                    {
                        "headerName": "YOY",
                        "field": "YOY_ABS",
                        "width": 125
                    },
                    {
                        "headerName": "F 2019 CV",
                        "field": "Y_CURR_ABS",
                        "width": 125
                    }
                ]
            },
            {
                "headerName": "Loans",
                "columnGroupShow": "open",
                "children": [
                    {
                        "headerName": "Total",
                        "field": "Total_Loans",
                        "width": 125
                    },
                    {
                        "headerName": "YOY",
                        "field": "YOY_Loans",
                        "width": 125
                    },
                    {
                        "headerName": "F 2019 CV",
                        "field": "Y_CURR_Loans",
                        "width": 125
                    }
                ]
            }
        ]
    },
    {
        "headerName": "Credit",
        "children": [
            {
                "headerName": "TotalCredit",
                "field": "TotalCredit",
                "width": 125
            },
            {
                "headerName": "MoneyMarket",
                "columnGroupShow": "open",
                "children": [
                    {
                        "headerName": "Total",
                        "field": "Total_MoneyMarket",
                        "width": 125
                    },
                    {
                        "headerName": "YOY",
                        "field": "YOY_MoneyMarket",
                        "width": 125
                    },
                    {
                        "headerName": "F 2019 CV",
                        "field": "Y_CURR_MoneyMarket",
                        "width": 125
                    }
                ]
            },
            {
                "headerName": "CLO",
                "columnGroupShow": "open",
                "children": [
                    {
                        "headerName": "Total",
                        "field": "Total_CLO",
                        "width": 125
                    },
                    {
                        "headerName": "YOY",
                        "field": "YOY_CLO",
                        "width": 125
                    },
                    {
                        "headerName": "F 2019 CV",
                        "field": "Y_CURR_CLO",
                        "width": 125
                    }
                ]
            },
            {
                "headerName": "Converties",
                "columnGroupShow": "open",
                "children": [
                    {
                        "headerName": "Total",
                        "field": "Total_Converties",
                        "width": 125
                    },
                    {
                        "headerName": "YOY",
                        "field": "YOY_Converties",
                        "width": 125
                    },
                    {
                        "headerName": "F 2019 CV",
                        "field": "Y_CURR_Converties",
                        "width": 125
                    }
                ]
            }
        ]
    },
    {
        "headerName": "",
        "children": [
            {
                "headerName": "Comments",
                "field": "Comments",
                "width": 150
            },
            {
                "headerName": "Coverage",
                "field": "Coverage",
                "width": 150
            }
        ]
    }    
]